{
  "name": "Control de materiales",
  "short_name": "Control de materiales",
  "description": "## Build Setup",
  "icons": [
    {
      "src": "/material-control/_nuxt/icons/icon_64x64.6f6b5b.png",
      "sizes": "64x64",
      "type": "image/png",
      "purpose": "any maskable"
    },
    {
      "src": "/material-control/_nuxt/icons/icon_120x120.6f6b5b.png",
      "sizes": "120x120",
      "type": "image/png",
      "purpose": "any maskable"
    },
    {
      "src": "/material-control/_nuxt/icons/icon_144x144.6f6b5b.png",
      "sizes": "144x144",
      "type": "image/png",
      "purpose": "any maskable"
    },
    {
      "src": "/material-control/_nuxt/icons/icon_152x152.6f6b5b.png",
      "sizes": "152x152",
      "type": "image/png",
      "purpose": "any maskable"
    },
    {
      "src": "/material-control/_nuxt/icons/icon_192x192.6f6b5b.png",
      "sizes": "192x192",
      "type": "image/png",
      "purpose": "any maskable"
    },
    {
      "src": "/material-control/_nuxt/icons/icon_384x384.6f6b5b.png",
      "sizes": "384x384",
      "type": "image/png",
      "purpose": "any maskable"
    },
    {
      "src": "/material-control/_nuxt/icons/icon_512x512.6f6b5b.png",
      "sizes": "512x512",
      "type": "image/png",
      "purpose": "any maskable"
    }
  ],
  "start_url": "/material-control/?standalone=true",
  "display": "standalone",
  "background_color": "#ffffff",
  "lang": "es"
}